Workbook
Name Print_Area: REPUESTOS!$A$1:$O$234
Name Print_Area: 'REPUESTOS (2)'!$A$1:$P$236

Sheet REPUESTOS (2)
K2: U$S | L2: 1470 | M2: Fracción para BMC | N2: Combo | O2: 0.7
N3: Turbina | O3: 0.6
F4: SEPID S.A. | N4: Placa | O4: 0.5
F5: LISTA DE COSTO VIGENTE | K5: PRECIO LISTA | L5: PARTICULAR | M5: BONIFICADOS | N5: RESP/LANC | O5: PUBLICO
A6: Última Fecha | B6: Código P. | C6: Proveedor | D6: Costo NETO | E6: Costo PESOS | F6: REPUESTOS | G6: Nombre encontrado en códigos | H6: Marca | I6: Detalle | J6: MUL | K6: VENTA | L6: VENTA | M6: VENTA | N6: VENTA | O6: VENTA
F7: BMC
F8: CPAP G1
A9: 42682 | B9: TU001 | C9: BMC | D9: 50 | E9: =D9*$L$2 -> 73500 | F9: TURBINA CPAP RESmart | G9: =VLOOKUP(B9,CÓDIGOS!$A$1:$B$1000,2) -> Turbina CPAP GI | J9: 1 | K9: =D9*$L$2*J9 -> 73500 | L9: =K9*1.1 -> 80850 | M9: =K9*5/6 -> 61250
A10: 42682 | B10: PL002 | C10: BMC | D10: 50 | E10: =D10*$L$2 -> 73500 | F10: PLACA PRINCIPAL CPAP RESmart | G10: =VLOOKUP(B10,CÓDIGOS!$A$1:$B$1000,2) -> Placa principal CPAP G1 | J10: 1 | K10: =D10*$L$2*J10 -> 73500 | L10: =K10*1.1 -> 80850 | M10: =K10*5/6 -> 61250
D11: =K11/1.5 -> 333.33333 | E11: =D11*$L$2 -> 490000 | F11: BPAP G1 | G11: =VLOOKUP(B11,CÓDIGOS!$A$1:$B$1000,2) -> #N/A | K11: 500 | L11: =K11*1.1 -> 550 | M11: =K11*5/6 -> 416.66667
A12: 42682 | C12: BMC | D12: =D11*O3 -> 200 | E12: =D12*$L$2 -> 294000 | F12: TURBINA BPAP 25 | G12: =VLOOKUP(B12,CÓDIGOS!$A$1:$B$1000,2) -> #N/A | J12: 1.5 | K12: =D12*$L$2*J12 -> 441000 | L12: =K12*1.1 -> 485100 | M12: =K12*5/6 -> 367500
A13: 42682 | C13: BMC | D13: =D11*O3 -> 200 | E13: =D13*$L$2 -> 294000 | F13: TURBINA BPAP 30T | G13: =VLOOKUP(B13,CÓDIGOS!$A$1:$B$1000,2) -> #N/A | J13: 1.5 | K13: =D13*$L$2*J13 -> 441000 | L13: =K13*1.1 -> 485100 | M13: =K13*5/6 -> 367500
A14: 42682 | C14: BMC | D14: =D11*O3 -> 200 | E14: =D14*$L$2 -> 294000 | F14: TURBINA BPAP 25A & 25T | G14: =VLOOKUP(B14,CÓDIGOS!$A$1:$B$1000,2) -> #N/A | J14: 1.5 | K14: =D14*$L$2*J14 -> 441000 | L14: =K14*1.1 -> 485100 | M14: =K14*5/6 -> 367500
A15: 42682 | C15: BMC | D15: =D11*O4 -> 166.66667 | E15: =D15*$L$2 -> 245000 | F15: PLACA PRINCIPAL BPAP 25 | G15: =VLOOKUP(B15,CÓDIGOS!$A$1:$B$1000,2) -> #N/A | J15: 1.5 | K15: =D15*$L$2*J15 -> 367500 | L15: =K15*1.1 -> 404250 | M15: =K15*5/6 -> 306250
A16: 42682 | C16: BMC | D16: =D11*O4 -> 166.66667 | E16: =D16*$L$2 -> 245000 | F16: PLACA PRINCIPAL BPAP 25A & 25T | G16: =VLOOKUP(B16,CÓDIGOS!$A$1:$B$1000,2) -> #N/A | J16: 1.5 | K16: =D16*$L$2*J16 -> 367500 | L16: =K16*1.1 -> 404250 | M16: =K16*5/6 -> 306250
A17: 42682 | C17: BMC | D17: =D11*O4 -> 166.66667 | E17: =D17*$L$2 -> 245000 | F17: PLACA PRINCIPAL BPAP 30T | G17: =VLOOKUP(B17,CÓDIGOS!$A$1:$B$1000,2) -> #N/A | J17: 1.5 | K17: =D17*$L$2*J17 -> 367500 | L17: =K17*1.1 -> 404250 | M17: =K17*5/6 -> 306250
D18: =D11*O2 -> 233.33333 | E18: =D18*$L$2 -> 343000 | F18: COMBO | G18: =VLOOKUP(B18,CÓDIGOS!$A$1:$B$1000,2) -> #N/A | J18: 1.5 | K18: =D18*$L$2*J18 -> 514500 | L18: =K18*1.1 -> 565950 | M18: =K18*5/6 -> 428750
D19: =K19/1.5 -> 100 | E19: =D19*$L$2 -> 147000 | F19: AUTO CPAP G1 | G19: =VLOOKUP(B19,CÓDIGOS!$A$1:$B$1000,2) -> #N/A | J19: 1.5 | K19: 150 | L19: =K19*1.1 -> 165 | M19: =K19*5/6 -> 125
A20: 42682 | C20: BMC | D20: 50 | E20: =D20*$L$2 -> 73500 | F20: TURBINA AUTOCPAP RESmartAUTO | G20: =VLOOKUP(B20,CÓDIGOS!$A$1:$B$1000,2) -> #N/A | J20: 1.5 | K20: =D20*$L$2*J20 -> 110250 | L20: =K20*1.1 -> 121275 | M20: =K20*5/6 -> 91875
A21: 42682 | C21: BMC | D21: 80 | E21: =D21*$L$2 -> 117600 | F21: PLACA PRINCIPAL AUTO CPAP RESmart AUTO | G21: =VLOOKUP(B21,CÓDIGOS!$A$1:$B$1000,2) -> #N/A | J21: 1.5 | K21: =D21*$L$2*J21 -> 176400 | L21: =K21*1.1 -> 194040 | M21: =K21*5/6 -> 147000
E22: =D22*$L$2 -> 0 | F22: GII | G22: =VLOOKUP(B22,CÓDIGOS!$A$1:$B$1000,2) -> #N/A | J22: 1.5 | L22: =K22*1.1 -> 0 | M22: =K22*5/6 -> 0
D23: =K23/1.5 -> 166.66667 | E23: =D23*$L$2 -> 245000 | F23: E-20C-H-O | G23: =VLOOKUP(B23,CÓDIGOS!$A$1:$B$1000,2) -> #N/A | J23: 1.5 | K23: 250 | L23: =K23*1.1 -> 275 | M23: =K23*5/6 -> 208.33333
A24: 44992 | C24: BMC | D24: =D23*O3 -> 100 | E24: =D24*$L$2 -> 147000 | F24: TURBINA nP2-C2 | G24: =VLOOKUP(B24,CÓDIGOS!$A$1:$B$1000,2) -> #N/A | J24: 1.5 | K24: =D24*$L$2*J24 -> 220500 | L24: =K24*1.1 -> 242550 | M24: =K24*5/6 -> 183750
A25: 44992 | C25: BMC | D25: =D23*O4 -> 83.333333 | E25: =D25*$L$2 -> 122500 | F25: PLACA DE CONTROL E-20C-H-O | G25: =VLOOKUP(B25,CÓDIGOS!$A$1:$B$1000,2) -> #N/A | J25: 1.5 | K25: =D25*$L$2*J25 -> 183750 | L25: =K25*1.1 -> 202125 | M25: =K25*5/6 -> 153125
D26: =D23*$O$2 -> 116.66667 | E26: =D26*$L$2 -> 171500 | F26: COMBO | G26: =VLOOKUP(B26,CÓDIGOS!$A$1:$B$1000,2) -> #N/A | J26: 1.5 | K26: =D26*$L$2*J26 -> 257250 | L26: =K26*1.1 -> 282975 | M26: =K26*5/6 -> 214375
D27: =K27/1.5 -> 200 | E27: =D27*$L$2 -> 294000 | F27: E-20A-H-O | G27: =VLOOKUP(B27,CÓDIGOS!$A$1:$B$1000,2) -> #N/A | J27: 1.5 | K27: 300 | L27: =K27*1.1 -> 330 | M27: =K27*5/6 -> 250
A28: 44992 | C28: BMC | D28: =D27*O3 -> 120 | E28: =D28*$L$2 -> 176400 | F28: TURBINA nP2-M3+ | G28: =VLOOKUP(B28,CÓDIGOS!$A$1:$B$1000,2) -> #N/A | J28: 1.5 | K28: =D28*$L$2*J28 -> 264600 | L28: =K28*1.1 -> 291060 | M28: =K28*5/6 -> 220500
A29: 44992 | B29: 1502001 | C29: BMC | D29: =D27*O4 -> 100 | E29: =D29*$L$2 -> 147000 | F29: PLACA DE CONTROL E-20A-H-O | G29: =VLOOKUP(B29,CÓDIGOS!$A$1:$B$1000,2) -> Placa de circuito impresoÂ ensamblada APAP 20A-H-O | J29: 1.5 | K29: =D29*$L$2*J29 -> 220500 | L29: =K29*1.1 -> 242550 | M29: =K29*5/6 -> 183750
A30: 44992 | C30: BMC | D30: =D27*O2 -> 140 | E30: =D30*$L$2 -> 205800 | F30: COMBO | G30: =VLOOKUP(B30,CÓDIGOS!$A$1:$B$1000,2) -> #N/A | J30: 1.5 | K30: =D30*$L$2*J30 -> 308700 | L30: =K30*1.1 -> 339570 | M30: =K30*5/6 -> 257250
D31: =K31/1.5 -> 566.66667 | E31: =D31*$L$2 -> 833000 | F31: BPAP T-25T | G31: =VLOOKUP(B31,CÓDIGOS!$A$1:$B$1000,2) -> #N/A | J31: 1.5 | K31: 850 | L31: =K31*1.1 -> 935 | M31: =K31*5/6 -> 708.33333
A32: 44992 | C32: BMC | D32: =D31*O3 -> 340 | E32: =D32*$L$2 -> 499800 | F32: TURBINA G2 T | G32: =VLOOKUP(B32,CÓDIGOS!$A$1:$B$1000,2) -> #N/A | J32: 1.5 | K32: =D32*$L$2*J32 -> 749700 | L32: =K32*1.1 -> 824670 | M32: =K32*5/6 -> 624750
A33: 44992 | C33: BMC | D33: =D31*O4 -> 283.33333 | E33: =D33*$L$2 -> 416500 | F33: PLACA DE CONTROL T-25T | G33: =VLOOKUP(B33,CÓDIGOS!$A$1:$B$1000,2) -> #N/A | J33: 1.5 | K33: =D33*$L$2*J33 -> 624750 | L33: =K33*1.1 -> 687225 | M33: =K33*5/6 -> 520625
A34: 44992 | C34: BMC | D34: =D31*O2 -> 396.66667 | E34: =D34*$L$2 -> 583100 | F34: COMBO | G34: =VLOOKUP(B34,CÓDIGOS!$A$1:$B$1000,2) -> #N/A | J34: 1.5 | K34: =D34*$L$2*J34 -> 874650 | L34: =K34*1.1 -> 962115 | M34: =K34*5/6 -> 728875
D35: =K35/1.5 -> 633.33333 | E35: =D35*$L$2 -> 931000 | F35: BPAP Y-25T | G35: =VLOOKUP(B35,CÓDIGOS!$A$1:$B$1000,2) -> #N/A | J35: 1.5 | K35: 950 | L35: =K35*1.1 -> 1045 | M35: =K35*5/6 -> 791.66667
D36: =D35*O3 -> 380 | E36: =D36*$L$2 -> 558600 | F36: TURBINA G2 T | G36: =VLOOKUP(B36,CÓDIGOS!$A$1:$B$1000,2) -> #N/A | J36: 1.5 | K36: =D32*$L$2*J32 -> 749700 | L36: =K36*1.1 -> 824670 | M36: =K36*5/6 -> 624750
D37: =D35*O4 -> 316.66667 | E37: =D37*$L$2 -> 465500 | F37: PLACA CONTROL Y-25T | G37: =VLOOKUP(B37,CÓDIGOS!$A$1:$B$1000,2) -> #N/A | J37: 1.5 | K37: =D33*$L$2*J33 -> 624750 | L37: =K37*1.1 -> 687225 | M37: =K37*5/6 -> 520625
D38: =D35*O2 -> 443.33333 | E38: =D38*$L$2 -> 651700 | F38: COMBO | G38: =VLOOKUP(B38,CÓDIGOS!$A$1:$B$1000,2) -> #N/A | J38: 1.5 | K38: =D34*$L$2*J34 -> 874650 | L38: =K38*1.1 -> 962115 | M38: =K38*5/6 -> 728875
A39: 44992 | C39: BMC | E39: =D39*$L$2 -> 0 | F39: PLACA DE CONTROL Y-30T | G39: =VLOOKUP(B39,CÓDIGOS!$A$1:$B$1000,2) -> #N/A | J39: 1.5 | L39: =K39*1.1 -> 0 | M39: =K39*5/6 -> 0
A40: 44992 | C40: BMC | E40: =D40*$L$2 -> 0 | F40: PLACA DE CONTROL Y-30A | G40: =VLOOKUP(B40,CÓDIGOS!$A$1:$B$1000,2) -> #N/A | J40: 1.5 | K40: =D40*$L$2*J40 -> 0 | L40: =K40*1.1 -> 0 | M40: =K40*5/6 -> 0
E41: =D41*$L$2 -> 0 | F41: G2S | G41: =VLOOKUP(B41,CÓDIGOS!$A$1:$B$1000,2) -> #N/A | J41: 1.5 | L41: =K41*1.1 -> 0 | M41: =K41*5/6 -> 0
D42: =K42/1.5 -> 166.66667 | E42: =D42*$L$2 -> 245000 | F42: CPAP G2S | G42: =VLOOKUP(B42,CÓDIGOS!$A$1:$B$1000,2) -> #N/A | J42: 1.5 | K42: 250 | L42: =K42*1.1 -> 275 | M42: =K42*5/6 -> 208.33333
B43: 1502003 | D43: =D42*$O$4 -> 83.333333 | E43: =D43*$L$2 -> 122500 | F43: PLACA CONTROL C20 | G43: =VLOOKUP(B43,CÓDIGOS!$A$1:$B$1000,2) -> Placa de circuito impresoÂ ensamblada CPAP G3 | J43: 1.5 | K43: =D43*$L$2*J43 -> 183750 | L43: =K43*1.1 -> 202125 | M43: =K43*5/6 -> 153125
B44: 1501002 | D44: =D42*$O$3 -> 100 | E44: =D44*$L$2 -> 147000 | F44: TURBINA C2+ | G44: =VLOOKUP(B44,CÓDIGOS!$A$1:$B$1000,2) -> Turbina para CPAP/Auto CPAP BMC G2S | J44: 1.5 | K44: =D44*$L$2*J44 -> 220500 | L44: =K44*1.1 -> 242550 | M44: =K44*5/6 -> 183750
D45: =K45/1.5 -> 253.33333 | E45: =D45*$L$2 -> 372400 | F45: AUTO CPAP G2S | G45: =VLOOKUP(B45,CÓDIGOS!$A$1:$B$1000,2) -> #N/A | J45: 1.5 | K45: 380 | L45: =K45*1.1 -> 418 | M45: =K45*5/6 -> 316.66667
A46: 44992 | B46: 1502002 | C46: BMC | D46: =D45*O4 -> 126.66667 | E46: =D46*$L$2 -> 186200 | F46: PLACA DE CONTROL A20 | G46: =VLOOKUP(B46,CÓDIGOS!$A$1:$B$1000,2) -> Placa de circuito impresoÂ ensamblada APAP A20 | J46: 1.5 | K46: =D46*$L$2*J46 -> 279300 | L46: =K46*1.1 -> 307230 | M46: =K46*5/6 -> 232750
B47: 1501002 | D47: =D45*O3 -> 152 | E47: =D47*$L$2 -> 223440 | F47: TURBINA | G47: =VLOOKUP(B47,CÓDIGOS!$A$1:$B$1000,2) -> Turbina para CPAP/Auto CPAP BMC G2S | J47: 1.5 | K47: =D47*$L$2*J47 -> 335160 | L47: =K47*1.1 -> 368676 | M47: =K47*5/6 -> 279300
E48: =D48*$L$2 -> 0 | G48: =VLOOKUP(B48,CÓDIGOS!$A$1:$B$1000,2) -> #N/A | J48: 1.5 | L48: =K48*1.1 -> 0 | M48: =K48*5/6 -> 0
B49: 1105002 | D49: =K49/1.5 -> 426.66667 | E49: =D49*$L$2 -> 627200 | F49: B25S | G49: =VLOOKUP(B49,CÓDIGOS!$A$1:$B$1000,2) -> #N/A | J49: 1.5 | K49: 640 | L49: =K49*1.1 -> 704 | M49: =K49*5/6 -> 533.33333
A50: 44992 | C50: BMC | D50: =D49*$O$4 -> 213.33333 | E50: =D50*$L$2 -> 313600 | F50: PLACA DE CONTROL B25S | G50: =VLOOKUP(B50,CÓDIGOS!$A$1:$B$1000,2) -> #N/A | J50: 1.5 | K50: =D50*$L$2*J50 -> 470400 | L50: =K50*1.1 -> 517440 | M50: =K50*5/6 -> 392000
A51: 44992 | B51: 1104004 | C51: BMC | D51: =D49*$O$3 -> 256 | E51: =D51*$L$2 -> 376320 | F51: TURBINA nP2-M3+ | G51: =VLOOKUP(B51,CÓDIGOS!$A$1:$B$1000,2) -> #N/A | J51: 1.5 | K51: =D51*$L$2*J51 -> 564480 | L51: =K51*1.1 -> 620928 | M51: =K51*5/6 -> 470400
B52: 1106003 | D52: =K52/1.5 -> 480 | E52: =D52*$L$2 -> 705600 | F52: B25A | G52: =VLOOKUP(B52,CÓDIGOS!$A$1:$B$1000,2) -> #N/A | J52: 1.5 | K52: 720 | L52: =K52*1.1 -> 792 | M52: =K52*5/6 -> 600
A53: 44992 | C53: BMC | D53: =D52*$O$4 -> 240 | E53: =D53*$L$2 -> 352800 | F53: PLACA DE CONTROL B25S | G53: =VLOOKUP(B53,CÓDIGOS!$A$1:$B$1000,2) -> #N/A | J53: 1.5 | K53: =D53*$L$2*J53 -> 529200 | L53: =K53*1.1 -> 582120 | M53: =K53*5/6 -> 441000
A54: 44992 | B54: 1105003 | C54: BMC | D54: =D52*$O$3 -> 288 | E54: =D54*$L$2 -> 423360 | F54: TURBINA nP2-M3+ | G54: =VLOOKUP(B54,CÓDIGOS!$A$1:$B$1000,2) -> #N/A | J54: 1.5 | K54: =D54*$L$2*J54 -> 635040 | L54: =K54*1.1 -> 698544 | M54: =K54*5/6 -> 529200
B55: 1104005 | D55: =K55/1.5 -> 666.66667 | E55: =D55*$L$2 -> 980000 | F55: B25T | G55: =VLOOKUP(B55,CÓDIGOS!$A$1:$B$1000,2) -> #N/A | J55: 1.5 | K55: 1000 | L55: =K55*1.1 -> 1100 | M55: =K55*5/6 -> 833.33333
A56: 44992 | C56: BMC | D56: =D55*$O$4 -> 333.33333 | E56: =D56*$L$2 -> 490000 | F56: PLACA DE CONTROL B25T | G56: =VLOOKUP(B56,CÓDIGOS!$A$1:$B$1000,2) -> #N/A | J56: 1.5 | K56: =D56*$L$2*J56 -> 735000 | L56: =K56*1.1 -> 808500 | M56: =K56*5/6 -> 612500
A57: 44992 | B57: 1104006 | C57: BMC | D57: =D55*$O$3 -> 400 | E57: =D57*$L$2 -> 588000 | F57: TURBINA nP2-M3+ | G57: =VLOOKUP(B57,CÓDIGOS!$A$1:$B$1000,2) -> #N/A | J57: 1.5 | K57: =D57*$L$2*J57 -> 882000 | L57: =K57*1.1 -> 970200 | M57: =K57*5/6 -> 735000
E58: =D58*$L$2 -> 0 | F58: G3 | G58: =VLOOKUP(B58,CÓDIGOS!$A$1:$B$1000,2) -> #N/A | J58: 1.5 | L58: =K58*1.1 -> 0 | M58: =K58*5/6 -> 0
D59: =K59/1.5 -> 333.33333 | E59: =D59*$L$2 -> 490000 | F59: AUTO CPAP G3 | G59: =VLOOKUP(B59,CÓDIGOS!$A$1:$B$1000,2) -> #N/A | J59: 1.5 | K59: 500 | L59: =K59*1.1 -> 550 | M59: =K59*5/6 -> 416.66667
A60: 44992 | B60: 1502004 | C60: BMC | D60: =D59*O4 -> 166.66667 | E60: =D60*$L$2 -> 245000 | F60: PLACA DE CONTROL A20 | G60: =VLOOKUP(B60,CÓDIGOS!$A$1:$B$1000,2) -> Placa de circuito impresoÂ ensamblada APAP G3 | J60: 1.5 | K60: =D60*$L$2*J60 -> 367500 | L60: =K60*1.1 -> 404250 | M60: =K60*5/6 -> 306250
B61: 1104011 | D61: =D59*O3 -> 200 | E61: =D61*$L$2 -> 294000 | F61: TURBINA | G61: =VLOOKUP(B61,CÓDIGOS!$A$1:$B$1000,2) -> #N/A | J61: 1.5 | K61: =D61*$L$2*J61 -> 441000 | L61: =K61*1.1 -> 485100 | M61: =K61*5/6 -> 367500
B62: 1103003 | D62: =K62/1.5 -> 733.33333 | E62: =D62*$L$2 -> 1078000 | F62: B30VT | G62: =VLOOKUP(B62,CÓDIGOS!$A$1:$B$1000,2) -> #N/A | J62: 1.5 | K62: 1100 | L62: =K62*1.1 -> 1210 | M62: =K62*5/6 -> 916.66667
A63: 44992 | B63: 1502005 | C63: BMC | D63: =D62*O4 -> 366.66667 | E63: =D63*$L$2 -> 539000 | G63: =VLOOKUP(B63,CÓDIGOS!$A$1:$B$1000,2) -> Placa de circuito impresoÂ ensamblada BPAP G3 | J63: 1.5 | K63: =D63*$L$2*J63 -> 808500 | L63: =K63*1.1 -> 889350 | M63: =K63*5/6 -> 673750
B64: 1106001 | D64: =D63*O3 -> 220 | E64: =D64*$L$2 -> 323400 | F64: TURBINA | G64: =VLOOKUP(B64,CÓDIGOS!$A$1:$B$1000,2) -> #N/A | J64: 1.5 | K64: =D64*$L$2*J64 -> 485100 | L64: =K64*1.1 -> 533610 | M64: =K64*5/6 -> 404250
E65: =D65*$L$2 -> 0 | F65: CPAP | G65: =VLOOKUP(B65,CÓDIGOS!$A$1:$B$1000,2) -> #N/A | J65: 1.5 | K65: 420 | L65: =K65*1.1 -> 462 | M65: =K65*5/6 -> 350
D66: =D65*O27 -> 0 | E66: =D66*$L$2 -> 0 | F66: PLACA CONTROL C20 | G66: =VLOOKUP(B66,CÓDIGOS!$A$1:$B$1000,2) -> #N/A | J66: 1.5 | K66: =D66*$L$2*J66 -> 0 | L66: =K66*1.1 -> 0 | M66: =K66*5/6 -> 0
B67: 1103004 | D67: =D65*O26 -> 0 | E67: =D67*$L$2 -> 0 | F67: TURBINA C2+ | G67: =VLOOKUP(B67,CÓDIGOS!$A$1:$B$1000,2) -> #N/A | J67: 1.5 | K67: =D67*$L$2*J67 -> 0 | L67: =K67*1.1 -> 0 | M67: =K67*5/6 -> 0
E68: =D68*$L$2 -> 0 | F68: ACCESORIOS | G68: =VLOOKUP(B68,CÓDIGOS!$A$1:$B$1000,2) -> #N/A | L68: =K68*1.1 -> 0 | M68: =K68*5/6 -> 0
A69: 44992 | B69: 1104021 | C69: BMC | D69: 7 | E69: =D69*$L$2 -> 10290 | F69: PLACA CALEFACTORA HUMIDIFICADOR H60 | G69: =VLOOKUP(B69,CÓDIGOS!$A$1:$B$1000,2) -> #N/A | J69: 3.5 | K69: =D69*$L$2*J69 -> 36015 | L69: =K69*1.1 -> 39616.5 | M69: =K69*5/6 -> 30012.5
B70: 1502009 | F70: Placa calefactora para humidificador CPAP G2S | G70: =VLOOKUP(B70,CÓDIGOS!$A$1:$B$1000,2) -> Placa calefactora para humidificador CPAP G2S
A71: 42682 | B71: 1104022 | C71: BMC | D71: 10 | E71: =D71*$L$2 -> 14700 | F71: PLACA CALENTADOR PARA TODOS LOS MODELOS | G71: =VLOOKUP(B71,CÓDIGOS!$A$1:$B$1000,2) -> #N/A | J71: 3.5 | K71: =D71*$L$2*J71 -> 51450 | L71: =K71*1.1 -> 56595 | M71: =K71*5/6 -> 42875
A72: 44992 | B72: 1213016 | C72: BMC | E72: =D72*$L$2 -> 0 | F72: =VLOOKUP(B72,CÓDIGOS!$A$1:$B$1000,2) -> Fuente de alimentación original BMC G3 | J72: 3.5 | K72: =D72*$L$2*J72 -> 0 | L72: =K72*1.1 -> 0 | M72: =K72*5/6 -> 0
B73: ME059 | C73: ENERGY SAVER | D73: 52 | E73: =D73*$L$2 -> 76440 | F73: FUENTE PARA CPAP/BPAP G2 GENERICA | G73: =VLOOKUP(B73,CÓDIGOS!$A$1:$B$1000,2) -> Fuente de alimentación 24V 60W p/BMC | J73: 1.3 | K73: =D73*$L$2*J73 -> 99372 | L73: =K73*1.1 -> 109309.2 | M73: =K73*5/6 -> 82810
B74: ME060 | C74: ENERGY SAVER | D74: 20 | E74: =D74*$L$2 -> 29400 | F74: FUENTE PARA CPAP G1 12V/24V | G74: =VLOOKUP(B74,CÓDIGOS!$A$1:$B$1000,2) -> Fuente de alimentación 12v A 24V 60W p/BMC GII/G2s | J74: 3.5 | K74: =D74*$L$2*J74 -> 102900 | L74: =K74*1.1 -> 113190 | M74: =K74*5/6 -> 85750
B75: ME064 | C75: ENERGY SAVER | D75: 30 | E75: =D75*$L$2 -> 44100 | F75: FUENTE PARA CPAP GII MINI 220/19V 1,9A | J75: 1.5 | K75: =D75*$L$2*J75 -> 66150 | L75: =K75*1.1 -> 72765 | M75: =K75*5/6 -> 55125
B76: ME064 | F76: FUENTE DE ALIMENTACION DE 12V A 19V 1,3 A | G76: =VLOOKUP(B76,CÓDIGOS!$A$1:$B$1000,2) -> FUENTE DE ALIMENTACION DE 12V A 19V 1,3 A
B77: PF-001 | C77: BMC | D77: 4 | E77: =D77*$L$2 -> 5880 | F77: TAPA PORTA FILTRO CPAP/BPAP GII | G77: =VLOOKUP(B77,CÓDIGOS!$A$1:$B$1000,2) -> PORTA FILTRO CPAP/BPAP GII BMC | J77: 3.5 | K77: =D77*$L$2*J77 -> 20580 | L77: =K77*1.1 -> 22638 | M77: =K77*5/6 -> 17150
A78: 1208048 | B78: 1208048 | C78: BMC | D78: 5 | E78: =D78*$L$2 -> 7350 | F78: Filtro de aire CPAP/BPAP G3 BMC Original | G78: =VLOOKUP(B78,CÓDIGOS!$A$1:$B$1000,2) -> Filtro de aire CPAP/BPAP G3 BMC Original | J78: 4.5 | K78: =D78*$L$2*J78 -> 33075 | L78: =K78*1.1 -> 36382.5 | M78: =K78*5/6 -> 27562.5
A79: 42957 | B79: 1208010 | C79: BMC | D79: 1 | E79: =D79*$L$2 -> 1470 | F79: FILTRO PARA CPAPS Y BPAPS BMC | G79: =VLOOKUP(B79,CÓDIGOS!$A$1:$B$1000,2) -> Filtro de aire CPAP/BPAP GI BMC Genérico | J79: 3.5 | K79: =D79*$L$2*J79 -> 5145 | L79: =K79*1.1 -> 5659.5 | M79: =K79*5/6 -> 4287.5
A80: 44992 | B80: 1208047 | C80: BMC | D80: 1 | E80: =D80*$L$2 -> 1470 | F80: FILTRO DE AIRE | G80: =VLOOKUP(B80,CÓDIGOS!$A$1:$B$1000,2) -> Filtro de aire CPAP/BPAP GII/G2S BMC Original | J80: 3.5 | K80: =D80*$L$2*J80 -> 5145 | L80: =K80*1.1 -> 5659.5 | M80: =K80*5/6 -> 4287.5
A81: 44992 | B81: 1104012 | C81: BMC | D81: 20 | E81: =D81*$L$2 -> 29400 | F81: JARRA HUMIDIFICADOR | G81: =VLOOKUP(B81,CÓDIGOS!$A$1:$B$1000,2) -> #N/A | J81: 1.5 | K81: =D81*$L$2*J81 -> 44100 | L81: =K81*1.1 -> 48510 | M81: =K81*5/6 -> 36750
A82: 44992 | B82: 1219005 | C82: BMC | D82: 30 | E82: =D82*$L$2 -> 44100 | F82: BOLSO DE TRANSPORTE | G82: =VLOOKUP(B82,CÓDIGOS!$A$1:$B$1000,2) -> Bolso original BMC para modelo G3 | J82: 3.5 | K82: =D82*$L$2*J82 -> 154350 | L82: =K82*1.1 -> 169785 | M82: =K82*5/6 -> 128625
A83: 44992 | C83: BMC | D83: 50 | E83: =D83*$L$2 -> 73500 | F83: SPO2 KIT | G83: =VLOOKUP(B83,CÓDIGOS!$A$1:$B$1000,2) -> #N/A | J83: 3.5 | K83: =D83*$L$2*J83 -> 257250 | L83: =K83*1.1 -> 282975 | M83: =K83*5/6 -> 214375
A84: 44992 | B84: 1205005 | C84: BMC | D84: 5 | E84: =D84*$L$2 -> 7350 | F84: SD CARD 8G | G84: =VLOOKUP(B84,CÓDIGOS!$A$1:$B$1000,2) -> Cámara p/calentador BMC G3 Original | J84: 3.5 | K84: =D84*$L$2*J84 -> 25725 | L84: =K84*1.1 -> 28297.5 | M84: =K84*5/6 -> 21437.5
A85: 44992 | B85: ME-043 | C85: BMC | D85: 2 | E85: =D85*$L$2 -> 2940 | F85: CABLE DOBLE8 | G85: =VLOOKUP(B85,CÓDIGOS!$A$1:$B$1000,2) -> CABLE 1 X 1 MM ROJO | J85: 3.5 | K85: =D85*$L$2*J85 -> 10290 | L85: =K85*1.1 -> 11319 | M85: =K85*5/6 -> 8575
B86: 1205001 | D86: 45 | E86: =D86*$L$2 -> 66150 | F86: CÁMARA HUMIFI. GI / GII / G2S | G86: =VLOOKUP(B86,CÓDIGOS!$A$1:$B$1000,2) -> Cámara p/calentador BMC GII H-60 Genérico | J86: 1 | K86: =D86*$L$2*J86 -> 66150 | L86: =K86*1.1 -> 72765 | M86: =K86*5/6 -> 55125
B87: 1105005 | D87: 90 | E87: =D87*$L$2 -> 132300 | F87: CALENTADOR HUMIFICADOR G1 | G87: =VLOOKUP(B87,CÓDIGOS!$A$1:$B$1000,2) -> #N/A | J87: 1 | K87: =D87*$L$2*J87 -> 132300 | L87: =K87*1.1 -> 145530 | M87: =K87*5/6 -> 110250
B88: 1205005 | E88: =D88*$L$2 -> 0 | F88: Cámara p/calentador BMC G3 Original | G88: =VLOOKUP(B88,CÓDIGOS!$A$1:$B$1000,2) -> Cámara p/calentador BMC G3 Original | J88: 2 | K88: =D88*$L$2*J88 -> 0 | L88: =K88*1.1 -> 0 | M88: =K88*5/6 -> 0
B89: 1205005 | E89: =D89*$L$2 -> 0 | F89: Cámara p/calentador BMC G3 Original | G89: =VLOOKUP(B89,CÓDIGOS!$A$1:$B$1000,2) -> Cámara p/calentador BMC G3 Original | J89: 3 | K89: =D89*$L$2*J89 -> 0 | L89: =K89*1.1 -> 0 | M89: =K89*5/6 -> 0
B90: 1205015 | E90: =D90*$L$2 -> 0 | F90: FILTROS P/CONCENTRADORES | G90: =VLOOKUP(B90,CÓDIGOS!$A$1:$B$1000,2) -> Cámara p/calentador BMC G3 Genérico | L90: =K90*1.1 -> 0 | M90: =K90*5/6 -> 0
A91: 40162 | B91: FI-002 | C91: JAEJ | D91: 40.5 | E91: =D91*$L$2 -> 59535 | F91: FILTRO P/CONCENTRADOR EVERFLOW | G91: =VLOOKUP(B91,CÓDIGOS!$A$1:$B$1000,2) -> FILTRO DE AIRE INCUBADORA TR-307 (PACK X 4) | H91: RESPIRONICS | I91: EVERFLOW | J91: 1.2 | K91: =D91*$L$2*J91 -> 71442 | L91: =K91*1.1 -> 78586.2 | M91: =K91*5/6 -> 59535 | N91: =D91*$C$5*1.4 -> 0 | O91: =D91*$C$5*1.5*1.21 -> 0
A92: 40151 | B92: 1208011 | C92: Outlandish | D92: 42 | E92: =D92*$L$2 -> 61740 | F92: FILTRO SILENCIADOR P/CONCENTRADOR DEVILBISS | G92: =VLOOKUP(B92,CÓDIGOS!$A$1:$B$1000,2) -> Filtro de aire CPAP/BPAP G3 Genérico | H92: DEVILBISS | I92: 505DZ-605 | J92: 1.2 | K92: =D92*$L$2*J92 -> 74088 | L92: =K92*1.1 -> 81496.8 | M92: =K92*5/6 -> 61740 | N92: =D92*$C$5*1.4 -> 0 | O92: =D92*$C$5*1.5*1.21 -> 0
A93: 40151 | B93: 1208052 | C93: Outlandish | D93: 4.08 | E93: =D93*$L$2 -> 5997.6 | F93: FILTRO PARTICULAS MEDIAS CONCENTRADOR DEVILLBISS | G93: =VLOOKUP(B93,CÓDIGOS!$A$1:$B$1000,2) -> FILTRO HYGROBAC S ELECST HME 352/5877 | H93: DEVILBISS | I93: 505DZ-604 | J93: 1.2 | K93: =D93*$L$2*J93 -> 7197.12 | L93: =K93*1.1 -> 7916.832 | M93: =K93*5/6 -> 5997.6 | N93: =D93*$C$5*1.4 -> 0 | O93: =D93*$C$5*1.5*1.21 -> 0
A94: 41086 | B94: 1208007 | C94: Outlandish | D94: 33 | E94: =D94*$L$2 -> 48510 | F94: FILTRO SILENCIADOR P/CONCENTRADOR DEVILBISS | G94: =VLOOKUP(B94,CÓDIGOS!$A$1:$B$1000,2) -> Filtro de aire CPAP/BPAP GII/G2S Genérico | H94: DEVILBISS | I94: 525 | J94: 1.2 | K94: =D94*$L$2*J94 -> 58212 | L94: =K94*1.1 -> 64033.2 | M94: =K94*5/6 -> 48510 | N94: =D94*$C$5*1.4 -> 0 | O94: =D94*$C$5*1.5*1.21 -> 0
A95: 41228 | B95: 1208004 | C95: Outlandish | D95: 38 | E95: =D95*$L$2 -> 55860 | F95: FILTRO SILENCIADOR P/CONCENTRADOR DEVILBISS | G95: =VLOOKUP(B95,CÓDIGOS!$A$1:$B$1000,2) -> Filtro de aire Auto CPAP BMC MINI Genérico | H95: DEVILBISS | I95: 515 | J95: 1.2 | K95: =D95*$L$2*J95 -> 67032 | L95: =K95*1.1 -> 73735.2 | M95: =K95*5/6 -> 55860 | N95: =D95*$C$5*1.4 -> 0 | O95: =D95*$C$5*1.5*1.21 -> 0
A96: 40336 | B96: FI001 | C96: JAEJ | D96: 17.24 | E96: =D96*$L$2 -> 25342.8 | F96: FILTRO P/ CONCENTRADOR (CUADRADO) 5000 HS | G96: =VLOOKUP(B96,CÓDIGOS!$A$1:$B$1000,2) -> Filtro de aire Incubadora Medix PC-305 Pack X4 | H96: RESPIRONICS | I96: H620 | J96: 1.2 | K96: =D96*$L$2*J96 -> 30411.36 | L96: =K96*1.1 -> 33452.496 | M96: =K96*5/6 -> 25342.8 | N96: =D96*$C$5*1.4 -> 0 | O96: =D96*$C$5*1.5*1.21 -> 0
A97: 41893 | B97: 1208016 | C97: TSD | D97: 5 | E97: =D97*$L$2 -> 7350 | F97: FILTRO PARTIC FINAS AIRSEP NEW LIFE interno redondo | G97: =VLOOKUP(B97,CÓDIGOS!$A$1:$B$1000,2) -> Filtro de aire interno AIR SEP NEW LIFE | H97: TSD | I97: FI4817/30T | J97: 1.2 | K97: =D97*$L$2*J97 -> 8820 | L97: =K97*1.1 -> 9702 | M97: =K97*5/6 -> 7350 | N97: =D97*$C$5*1.4 -> 0 | O97: =D97*$C$5*1.5*1.21 -> 0
A98: 40220 | B98: 1208012 | C98: TSD | D98: 3 | E98: =D98*$L$2 -> 4410 | F98: FILTRO PARTIC MEDIAS AIRSEP NEW LIFE (EXTERNO) | G98: =VLOOKUP(B98,CÓDIGOS!$A$1:$B$1000,2) -> Filtro de aire externo AIR SEP NEW LIFE | H98: TSD | I98: FP13398/22 | J98: 1.2 | K98: =D98*$L$2*J98 -> 5292 | L98: =K98*1.1 -> 5821.2 | M98: =K98*5/6 -> 4410 | N98: =D98*$C$5*1.4 -> 0 | O98: =D98*$C$5*1.5*1.21 -> 0
A99: 40220 | B99: 1208027 | C99: TSD | D99: 3 | E99: =D99*$L$2 -> 4410 | F99: FILTRO PART.MEDIAS CONC. NIDEK/TAEMA (EXTERNO) | G99: =VLOOKUP(B99,CÓDIGOS!$A$1:$B$1000,2) -> Filtro interno respirador ASTRAL 27939 | H99: TSD | I99: FP23598/11 | J99: 1.2 | K99: =D99*$L$2*J99 -> 5292 | L99: =K99*1.1 -> 5821.2 | M99: =K99*5/6 -> 4410 | N99: =D99*$C$5*1.4 -> 0 | O99: =D99*$C$5*1.5*1.21 -> 0
A100: 40319 | B100: 1208022 | C100: TSD | D100: 1.7 | E100: =D100*$L$2 -> 2499 | F100: FILTRO PART.MEDIAS CONC.DEVILLBISS 515 (EXTERNO) | G100: =VLOOKUP(B100,CÓDIGOS!$A$1:$B$1000,2) -> Filtro interno respirador ASTRAL 27939 | H100: TSD | I100: FP14091/17 | J100: 1.2 | K100: =D100*$L$2*J100 -> 2998.8 | L100: =K100*1.1 -> 3298.68 | M100: =K100*5/6 -> 2499 | N100: =D100*$C$5*1.4 -> 0 | O100: =D100*$C$5*1.5*1.21 -> 0
A101: 40352 | B101: 1208053 | C101: TSD | D101: 1.28 | E101: =D101*$L$2 -> 1881.6 | F101: FILTRO PART.MEDIAS CONC.DEVILLBISS 525 (EXTERNO) | G101: =VLOOKUP(B101,CÓDIGOS!$A$1:$B$1000,2) -> Filtro HYGROBOY ELECST HME 355/5430 | H101: TSD | I101: C9797/17 | J101: 1.2 | K101: =D101*$L$2*J101 -> 2257.92 | L101: =K101*1.1 -> 2483.712 | M101: =K101*5/6 -> 1881.6 | N101: =D101*$C$5*1.4 -> 0 | O101: =D101*$C$5*1.5*1.21 -> 0
...

Sheet REPUESTOS
J2: U$S | K2: 1470 | L2: Fracción para BMC | M2: Combo | N2: 0.7
M3: Turbina | N3: 0.6
F4: SEPID S.A. | M4: Placa | N4: 0.5
F5: LISTA DE COSTO VIGENTE | J5: PRECIO LISTA | K5: PARTICULAR | L5: BONIFICADOS | M5: RESP/LANC | N5: PUBLICO
A6: Última Fecha | B6: Código P. | C6: Proveedor | D6: Costo NETO | E6: Costo PESOS | F6: REPUESTOS | G6: Marca | H6: Detalle | I6: MUL | J6: VENTA | K6: VENTA | L6: VENTA | M6: VENTA | N6: VENTA
F7: BMC
F8: CPAP G1
A9: 42682 | B9: TU001 | C9: BMC | D9: 50 | E9: =D9*$K$2 -> 73500 | F9: TURBINA CPAP RESmart | I9: 1 | J9: =D9*$K$2*I9 -> 73500 | K9: =J9*1.1 -> 80850 | L9: =J9*5/6 -> 61250
A10: 42682 | B10: PL001 | C10: BMC | D10: 50 | E10: =D10*$K$2 -> 73500 | F10: PLACA PRINCIPAL CPAP RESmart | I10: 1 | J10: =D10*$K$2*I10 -> 73500 | K10: =J10*1.1 -> 80850 | L10: =J10*5/6 -> 61250
D11: =J11/1.5 -> 333.33333 | E11: =D11*$K$2 -> 490000 | F11: BPAP G1 | J11: 500 | K11: =J11*1.1 -> 550 | L11: =J11*5/6 -> 416.66667
A12: 42682 | B12: 1501004 | C12: BMC | D12: =D11*N3 -> 200 | E12: =D12*$K$2 -> 294000 | F12: TURBINA BPAP 25 | I12: 1.5 | J12: =D12*$K$2*I12 -> 441000 | K12: =J12*1.1 -> 485100 | L12: =J12*5/6 -> 367500
A13: 42682 | B13: 1501003 | C13: BMC | D13: =D11*N3 -> 200 | E13: =D13*$K$2 -> 294000 | F13: TURBINA BPAP 30T | I13: 1.5 | J13: =D13*$K$2*I13 -> 441000 | K13: =J13*1.1 -> 485100 | L13: =J13*5/6 -> 367500
A14: 42682 | B14: 1501001 | C14: BMC | D14: =D11*N3 -> 200 | E14: =D14*$K$2 -> 294000 | F14: TURBINA BPAP 25A & 25T | I14: 1.5 | J14: =D14*$K$2*I14 -> 441000 | K14: =J14*1.1 -> 485100 | L14: =J14*5/6 -> 367500
A15: 42682 | B15: PL002 | C15: BMC | D15: =D11*N4 -> 166.66667 | E15: =D15*$K$2 -> 245000 | F15: PLACA PRINCIPAL BPAP 25 | I15: 1.5 | J15: =D15*$K$2*I15 -> 367500 | K15: =J15*1.1 -> 404250 | L15: =J15*5/6 -> 306250
A16: 42682 | B16: SC-101 | C16: BMC | D16: =D11*N4 -> 166.66667 | E16: =D16*$K$2 -> 245000 | F16: PLACA PRINCIPAL BPAP 25A & 25T | I16: 1.5 | J16: =D16*$K$2*I16 -> 367500 | K16: =J16*1.1 -> 404250 | L16: =J16*5/6 -> 306250
A17: 42682 | B17: SC-104 | C17: BMC | D17: =D11*N4 -> 166.66667 | E17: =D17*$K$2 -> 245000 | F17: PLACA PRINCIPAL BPAP 30T | I17: 1.5 | J17: =D17*$K$2*I17 -> 367500 | K17: =J17*1.1 -> 404250 | L17: =J17*5/6 -> 306250
D18: =D11*N2 -> 233.33333 | E18: =D18*$K$2 -> 343000 | F18: COMBO | I18: 1.5 | J18: =D18*$K$2*I18 -> 514500 | K18: =J18*1.1 -> 565950 | L18: =J18*5/6 -> 428750
D19: =J19/1.5 -> 100 | E19: =D19*$K$2 -> 147000 | F19: AUTO CPAP G1 | I19: 1.5 | J19: 150 | K19: =J19*1.1 -> 165 | L19: =J19*5/6 -> 125
A20: 42682 | B20: 1501002 | C20: BMC | D20: 50 | E20: =D20*$K$2 -> 73500 | F20: TURBINA AUTOCPAP RESmartAUTO | I20: 1.5 | J20: =D20*$K$2*I20 -> 110250 | K20: =J20*1.1 -> 121275 | L20: =J20*5/6 -> 91875
A21: 42682 | B21: 1502009 | C21: BMC | D21: 80 | E21: =D21*$K$2 -> 117600 | F21: PLACA PRINCIPAL AUTO CPAP RESmart AUTO | I21: 1.5 | J21: =D21*$K$2*I21 -> 176400 | K21: =J21*1.1 -> 194040 | L21: =J21*5/6 -> 147000
E22: =D22*$K$2 -> 0 | F22: GII | I22: 1.5 | K22: =J22*1.1 -> 0 | L22: =J22*5/6 -> 0
B23: 1103001 | D23: =J23/1.5 -> 166.66667 | E23: =D23*$K$2 -> 245000 | F23: E-20C-H-O | I23: 1.5 | J23: 250 | K23: =J23*1.1 -> 275 | L23: =J23*5/6 -> 208.33333
A24: 44992 | B24: TR001 | C24: BMC | D24: =D23*N3 -> 100 | E24: =D24*$K$2 -> 147000 | F24: TURBINA nP2-C2 | I24: 1.5 | J24: =D24*$K$2*I24 -> 220500 | K24: =J24*1.1 -> 242550 | L24: =J24*5/6 -> 183750
A25: 44992 | B25: 1502006 | C25: BMC | D25: =D23*N4 -> 83.333333 | E25: =D25*$K$2 -> 122500 | F25: PLACA DE CONTROL E-20C-H-O | I25: 1.5 | J25: =D25*$K$2*I25 -> 183750 | K25: =J25*1.1 -> 202125 | L25: =J25*5/6 -> 153125
D26: =D23*$N$2 -> 116.66667 | E26: =D26*$K$2 -> 171500 | F26: COMBO | I26: 1.5 | J26: =D26*$K$2*I26 -> 257250 | K26: =J26*1.1 -> 282975 | L26: =J26*5/6 -> 214375
B27: 1105001 | D27: =J27/1.5 -> 200 | E27: =D27*$K$2 -> 294000 | F27: E-20A-H-O | I27: 1.5 | J27: 300 | K27: =J27*1.1 -> 330 | L27: =J27*5/6 -> 250
A28: 44992 | B28: TR002 | C28: BMC | D28: =D27*N3 -> 120 | E28: =D28*$K$2 -> 176400 | F28: TURBINA nP2-M3+ | I28: 1.5 | J28: =D28*$K$2*I28 -> 264600 | K28: =J28*1.1 -> 291060 | L28: =J28*5/6 -> 220500
A29: 44992 | B29: 1502001 | C29: BMC | D29: =D27*N4 -> 100 | E29: =D29*$K$2 -> 147000 | F29: PLACA DE CONTROL E-20A-H-O | I29: 1.5 | J29: =D29*$K$2*I29 -> 220500 | K29: =J29*1.1 -> 242550 | L29: =J29*5/6 -> 183750
A30: 44992 | C30: BMC | D30: =D27*N2 -> 140 | E30: =D30*$K$2 -> 205800 | F30: COMBO | I30: 1.5 | J30: =D30*$K$2*I30 -> 308700 | K30: =J30*1.1 -> 339570 | L30: =J30*5/6 -> 257250
B31: 1104002 | D31: =J31/1.5 -> 566.66667 | E31: =D31*$K$2 -> 833000 | F31: BPAP T-25T | I31: 1.5 | J31: 850 | K31: =J31*1.1 -> 935 | L31: =J31*5/6 -> 708.33333
A32: 44992 | B32: 1501005 | C32: BMC | D32: =D31*N3 -> 340 | E32: =D32*$K$2 -> 499800 | F32: TURBINA G2 T | I32: 1.5 | J32: =D32*$K$2*I32 -> 749700 | K32: =J32*1.1 -> 824670 | L32: =J32*5/6 -> 624750
A33: 44992 | B33: PR001 | C33: BMC | D33: =D31*N4 -> 283.33333 | E33: =D33*$K$2 -> 416500 | F33: PLACA DE CONTROL T-25T | I33: 1.5 | J33: =D33*$K$2*I33 -> 624750 | K33: =J33*1.1 -> 687225 | L33: =J33*5/6 -> 520625
A34: 44992 | C34: BMC | D34: =D31*N2 -> 396.66667 | E34: =D34*$K$2 -> 583100 | F34: COMBO | I34: 1.5 | J34: =D34*$K$2*I34 -> 874650 | K34: =J34*1.1 -> 962115 | L34: =J34*5/6 -> 728875
B35: 1104003 | D35: =J35/1.5 -> 633.33333 | E35: =D35*$K$2 -> 931000 | F35: BPAP Y-25T | I35: 1.5 | J35: 950 | K35: =J35*1.1 -> 1045 | L35: =J35*5/6 -> 791.66667
B36: PF-001 | D36: =D35*N3 -> 380 | E36: =D36*$K$2 -> 558600 | F36: TURBINA G2 T | I36: 1.5 | J36: =D32*$K$2*I32 -> 749700 | K36: =J36*1.1 -> 824670 | L36: =J36*5/6 -> 624750
B37: PR002 | D37: =D35*N4 -> 316.66667 | E37: =D37*$K$2 -> 465500 | F37: PLACA CONTROL Y-25T | I37: 1.5 | J37: =D33*$K$2*I33 -> 624750 | K37: =J37*1.1 -> 687225 | L37: =J37*5/6 -> 520625
D38: =D35*N2 -> 443.33333 | E38: =D38*$K$2 -> 651700 | F38: COMBO | I38: 1.5 | J38: =D34*$K$2*I34 -> 874650 | K38: =J38*1.1 -> 962115 | L38: =J38*5/6 -> 728875
A39: 44992 | B39: SP557 | C39: BMC | E39: =D39*$K$2 -> 0 | F39: PLACA DE CONTROL Y-30T | I39: 1.5 | K39: =J39*1.1 -> 0 | L39: =J39*5/6 -> 0
A40: 44992 | B40: SP722 | C40: BMC | E40: =D40*$K$2 -> 0 | F40: PLACA DE CONTROL Y-30A | I40: 1.5 | J40: =D40*$K$2*I40 -> 0 | K40: =J40*1.1 -> 0 | L40: =J40*5/6 -> 0
E41: =D41*$K$2 -> 0 | F41: G2S | I41: 1.5 | K41: =J41*1.1 -> 0 | L41: =J41*5/6 -> 0
D42: =J42/1.5 -> 166.66667 | E42: =D42*$K$2 -> 245000 | F42: CPAP G2S | I42: 1.5 | J42: 250 | K42: =J42*1.1 -> 275 | L42: =J42*5/6 -> 208.33333
B43: 1502003 | D43: =D42*$N$4 -> 83.333333 | E43: =D43*$K$2 -> 122500 | F43: PLACA CONTROL C20 | I43: 1.5 | J43: =D43*$K$2*I43 -> 183750 | K43: =J43*1.1 -> 202125 | L43: =J43*5/6 -> 153125
B44: 1103002 | D44: =D42*$N$3 -> 100 | E44: =D44*$K$2 -> 147000 | F44: TURBINA C2+ | I44: 1.5 | J44: =D44*$K$2*I44 -> 220500 | K44: =J44*1.1 -> 242550 | L44: =J44*5/6 -> 183750
D45: =J45/1.5 -> 253.33333 | E45: =D45*$K$2 -> 372400 | F45: AUTO CPAP G2S | I45: 1.5 | J45: 380 | K45: =J45*1.1 -> 418 | L45: =J45*5/6 -> 316.66667
A46: 44992 | B46: 1502002 | C46: BMC | D46: =D45*N4 -> 126.66667 | E46: =D46*$K$2 -> 186200 | F46: PLACA DE CONTROL A20 | I46: 1.5 | J46: =D46*$K$2*I46 -> 279300 | K46: =J46*1.1 -> 307230 | L46: =J46*5/6 -> 232750
B47: 1106002 | D47: =D45*N3 -> 152 | E47: =D47*$K$2 -> 223440 | F47: TURBINA | I47: 1.5 | J47: =D47*$K$2*I47 -> 335160 | K47: =J47*1.1 -> 368676 | L47: =J47*5/6 -> 279300
E48: =D48*$K$2 -> 0 | I48: 1.5 | K48: =J48*1.1 -> 0 | L48: =J48*5/6 -> 0
B49: 1105002 | D49: =J49/1.5 -> 426.66667 | E49: =D49*$K$2 -> 627200 | F49: B25S | I49: 1.5 | J49: 640 | K49: =J49*1.1 -> 704 | L49: =J49*5/6 -> 533.33333
A50: 44992 | B50: 1502007 | C50: BMC | D50: =D49*$N$4 -> 213.33333 | E50: =D50*$K$2 -> 313600 | F50: PLACA DE CONTROL B25S | I50: 1.5 | J50: =D50*$K$2*I50 -> 470400 | K50: =J50*1.1 -> 517440 | L50: =J50*5/6 -> 392000
A51: 44992 | B51: 1104004 | C51: BMC | D51: =D49*$N$3 -> 256 | E51: =D51*$K$2 -> 376320 | F51: TURBINA nP2-M3+ | I51: 1.5 | J51: =D51*$K$2*I51 -> 564480 | K51: =J51*1.1 -> 620928 | L51: =J51*5/6 -> 470400
B52: 1106003 | D52: =J52/1.5 -> 480 | E52: =D52*$K$2 -> 705600 | F52: B25A | I52: 1.5 | J52: 720 | K52: =J52*1.1 -> 792 | L52: =J52*5/6 -> 600
A53: 44992 | B53: SP814 | C53: BMC | D53: =D52*$N$4 -> 240 | E53: =D53*$K$2 -> 352800 | F53: PLACA DE CONTROL B25S | I53: 1.5 | J53: =D53*$K$2*I53 -> 529200 | K53: =J53*1.1 -> 582120 | L53: =J53*5/6 -> 441000
A54: 44992 | B54: 1105003 | C54: BMC | D54: =D52*$N$3 -> 288 | E54: =D54*$K$2 -> 423360 | F54: TURBINA nP2-M3+ | I54: 1.5 | J54: =D54*$K$2*I54 -> 635040 | K54: =J54*1.1 -> 698544 | L54: =J54*5/6 -> 529200
B55: 1104005 | D55: =J55/1.5 -> 666.66667 | E55: =D55*$K$2 -> 980000 | F55: B25T | I55: 1.5 | J55: 1000 | K55: =J55*1.1 -> 1100 | L55: =J55*5/6 -> 833.33333
A56: 44992 | B56: 1502004 | C56: BMC | D56: =D55*$N$4 -> 333.33333 | E56: =D56*$K$2 -> 490000 | F56: PLACA DE CONTROL B25T | I56: 1.5 | J56: =D56*$K$2*I56 -> 735000 | K56: =J56*1.1 -> 808500 | L56: =J56*5/6 -> 612500
A57: 44992 | B57: 1104006 | C57: BMC | D57: =D55*$N$3 -> 400 | E57: =D57*$K$2 -> 588000 | F57: TURBINA nP2-M3+ | I57: 1.5 | J57: =D57*$K$2*I57 -> 882000 | K57: =J57*1.1 -> 970200 | L57: =J57*5/6 -> 735000
E58: =D58*$K$2 -> 0 | F58: G3 | I58: 1.5 | K58: =J58*1.1 -> 0 | L58: =J58*5/6 -> 0
D59: =J59/1.5 -> 333.33333 | E59: =D59*$K$2 -> 490000 | F59: AUTO CPAP G3 | I59: 1.5 | J59: 500 | K59: =J59*1.1 -> 550 | L59: =J59*5/6 -> 416.66667
A60: 44992 | B60: 1502005 | C60: BMC | D60: =D59*N4 -> 166.66667 | E60: =D60*$K$2 -> 245000 | F60: PLACA DE CONTROL A20 | I60: 1.5 | J60: =D60*$K$2*I60 -> 367500 | K60: =J60*1.1 -> 404250 | L60: =J60*5/6 -> 306250
B61: 1104011 | D61: =D59*N3 -> 200 | E61: =D61*$K$2 -> 294000 | F61: TURBINA | I61: 1.5 | J61: =D61*$K$2*I61 -> 441000 | K61: =J61*1.1 -> 485100 | L61: =J61*5/6 -> 367500
B62: 1103003 | D62: =J62/1.5 -> 733.33333 | E62: =D62*$K$2 -> 1078000 | F62: B30VT | I62: 1.5 | J62: 1100 | K62: =J62*1.1 -> 1210 | L62: =J62*5/6 -> 916.66667
A63: 44992 | B63: MP024 | C63: BMC | D63: =D62*N4 -> 366.66667 | E63: =D63*$K$2 -> 539000 | F63: PLACA DE CONTROL A20 | I63: 1.5 | J63: =D63*$K$2*I63 -> 808500 | K63: =J63*1.1 -> 889350 | L63: =J63*5/6 -> 673750
B64: 1106001 | D64: =D63*N3 -> 220 | E64: =D64*$K$2 -> 323400 | F64: TURBINA | I64: 1.5 | J64: =D64*$K$2*I64 -> 485100 | K64: =J64*1.1 -> 533610 | L64: =J64*5/6 -> 404250
E65: =D65*$K$2 -> 0 | F65: CPAP | I65: 1.5 | J65: 420 | K65: =J65*1.1 -> 462 | L65: =J65*5/6 -> 350
B66: 1502008 | D66: =D65*N27 -> 0 | E66: =D66*$K$2 -> 0 | F66: PLACA CONTROL C20 | I66: 1.5 | J66: =D66*$K$2*I66 -> 0 | K66: =J66*1.1 -> 0 | L66: =J66*5/6 -> 0
B67: 1103004 | D67: =D65*N26 -> 0 | E67: =D67*$K$2 -> 0 | F67: TURBINA C2+ | I67: 1.5 | J67: =D67*$K$2*I67 -> 0 | K67: =J67*1.1 -> 0 | L67: =J67*5/6 -> 0
B68: 1208048 | E68: =D68*$K$2 -> 0 | F68: ACCESORIOS | K68: =J68*1.1 -> 0 | L68: =J68*5/6 -> 0
A69: 44992 | B69: 1104021 | C69: BMC | D69: 7 | E69: =D69*$K$2 -> 10290 | F69: PLACA CALEFACTORA HUMIDIFICADOR H60 | I69: 3.5 | J69: =D69*$K$2*I69 -> 36015 | K69: =J69*1.1 -> 39616.5 | L69: =J69*5/6 -> 30012.5
A70: 42682 | B70: 1104022 | C70: BMC | D70: 10 | E70: =D70*$K$2 -> 14700 | F70: PLACA CALENTADOR PARA TODOS LOS MODELOS | I70: 3.5 | J70: =D70*$K$2*I70 -> 51450 | K70: =J70*1.1 -> 56595 | L70: =J70*5/6 -> 42875
A71: 44992 | B71: 1213016 | C71: BMC | D71: 30 | E71: =D71*$K$2 -> 44100 | F71: FUENTE DE ALIMENTACION | I71: 3.5 | J71: =D71*$K$2*I71 -> 154350 | K71: =J71*1.1 -> 169785 | L71: =J71*5/6 -> 128625
B72: ME059 | C72: ENERGY SAVER | D72: 52 | E72: =D72*$K$2 -> 76440 | F72: FUENTE PARA CPAP/BPAP G2 GENERICA | I72: 1.3 | J72: =D72*$K$2*I72 -> 99372 | K72: =J72*1.1 -> 109309.2 | L72: =J72*5/6 -> 82810
B73: ME060 | C73: ENERGY SAVER | D73: 20 | E73: =D73*$K$2 -> 29400 | F73: FUENTE PARA CPAP G1 12V/24V | I73: 3.5 | J73: =D73*$K$2*I73 -> 102900 | K73: =J73*1.1 -> 113190 | L73: =J73*5/6 -> 85750
B74: ME064 | C74: ENERGY SAVER | D74: 30 | E74: =D74*$K$2 -> 44100 | F74: FUENTE PARA CPAP GII MINI 220/19V 1,9A | I74: 1.5 | J74: =D74*$K$2*I74 -> 66150 | K74: =J74*1.1 -> 72765 | L74: =J74*5/6 -> 55125
B75: 1104001 | C75: BMC | D75: 4 | E75: =D75*$K$2 -> 5880 | F75: TAPA PORTA FILTRO CPAP/BPAP GII | I75: 3.5 | J75: =D75*$K$2*I75 -> 20580 | K75: =J75*1.1 -> 22638 | L75: =J75*5/6 -> 17150
A76: 42957 | B76: 1208010 | C76: BMC | D76: 1 | E76: =D76*$K$2 -> 1470 | F76: FILTRO PARA CPAPS Y BPAPS BMC | I76: 3.5 | J76: =D76*$K$2*I76 -> 5145 | K76: =J76*1.1 -> 5659.5 | L76: =J76*5/6 -> 4287.5
A77: 44992 | B77: 1208047 | C77: BMC | D77: 1 | E77: =D77*$K$2 -> 1470 | F77: FILTRO DE AIRE | I77: 3.5 | J77: =D77*$K$2*I77 -> 5145 | K77: =J77*1.1 -> 5659.5 | L77: =J77*5/6 -> 4287.5
A78: 44992 | B78: 1208049 | C78: BMC | D78: 1 | E78: =D78*$K$2 -> 1470 | F78: FILTRO COVER | I78: 3.5 | J78: =D78*$K$2*I78 -> 5145 | K78: =J78*1.1 -> 5659.5 | L78: =J78*5/6 -> 4287.5
A79: 44992 | B79: 1104012 | C79: BMC | D79: 20 | E79: =D79*$K$2 -> 29400 | F79: JARRA HUMIDIFICADOR | I79: 1.5 | J79: =D79*$K$2*I79 -> 44100 | K79: =J79*1.1 -> 48510 | L79: =J79*5/6 -> 36750
A80: 44992 | B80: 1219005 | C80: BMC | D80: 30 | E80: =D80*$K$2 -> 44100 | F80: BOLSO DE TRANSPORTE | I80: 3.5 | J80: =D80*$K$2*I80 -> 154350 | K80: =J80*1.1 -> 169785 | L80: =J80*5/6 -> 128625
A81: 44992 | B81: 1209001 | C81: BMC | D81: 50 | E81: =D81*$K$2 -> 73500 | F81: SPO2 KIT | I81: 3.5 | J81: =D81*$K$2*I81 -> 257250 | K81: =J81*1.1 -> 282975 | L81: =J81*5/6 -> 214375
A82: 44992 | B82: 1205005 | C82: BMC | D82: 5 | E82: =D82*$K$2 -> 7350 | F82: SD CARD 8G | I82: 3.5 | J82: =D82*$K$2*I82 -> 25725 | K82: =J82*1.1 -> 28297.5 | L82: =J82*5/6 -> 21437.5
A83: 44992 | B83: ME-043 | C83: BMC | D83: 2 | E83: =D83*$K$2 -> 2940 | F83: CABLE DOBLE8 | I83: 3.5 | J83: =D83*$K$2*I83 -> 10290 | K83: =J83*1.1 -> 11319 | L83: =J83*5/6 -> 8575
B84: 1205001 | D84: 45 | E84: =D84*$K$2 -> 66150 | F84: CÁMARA HUMIFI. GI / GII / G2S | I84: 1 | J84: =D84*$K$2*I84 -> 66150 | K84: =J84*1.1 -> 72765 | L84: =J84*5/6 -> 55125
B85: 1105005 | D85: 90 | E85: =D85*$K$2 -> 132300 | F85: CALENTADOR HUMIFICADOR G1 | I85: 1 | J85: =D85*$K$2*I85 -> 132300 | K85: =J85*1.1 -> 145530 | L85: =J85*5/6 -> 110250
B86: 1205015 | E86: =D86*$K$2 -> 0 | F86: FILTROS P/CONCENTRADORES | K86: =J86*1.1 -> 0 | L86: =J86*5/6 -> 0
A87: 40162 | B87: FI-002 | C87: JAEJ | D87: 40.5 | E87: =D87*$K$2 -> 59535 | F87: FILTRO P/CONCENTRADOR EVERFLOW | G87: RESPIRONICS | H87: EVERFLOW | I87: 1.2 | J87: =D87*$K$2*I87 -> 71442 | K87: =J87*1.1 -> 78586.2 | L87: =J87*5/6 -> 59535 | M87: =D87*$C$5*1.4 -> 0 | N87: =D87*$C$5*1.5*1.21 -> 0
A88: 40151 | B88: 1208011 | C88: Outlandish | D88: 42 | E88: =D88*$K$2 -> 61740 | F88: FILTRO SILENCIADOR P/CONCENTRADOR DEVILBISS | G88: DEVILBISS | H88: 505DZ-605 | I88: 1.2 | J88: =D88*$K$2*I88 -> 74088 | K88: =J88*1.1 -> 81496.8 | L88: =J88*5/6 -> 61740 | M88: =D88*$C$5*1.4 -> 0 | N88: =D88*$C$5*1.5*1.21 -> 0
A89: 40151 | B89: 1208052 | C89: Outlandish | D89: 4.08 | E89: =D89*$K$2 -> 5997.6 | F89: FILTRO PARTICULAS MEDIAS CONCENTRADOR DEVILLBISS | G89: DEVILBISS | H89: 505DZ-604 | I89: 1.2 | J89: =D89*$K$2*I89 -> 7197.12 | K89: =J89*1.1 -> 7916.832 | L89: =J89*5/6 -> 5997.6 | M89: =D89*$C$5*1.4 -> 0 | N89: =D89*$C$5*1.5*1.21 -> 0
A90: 41086 | B90: 1208007 | C90: Outlandish | D90: 33 | E90: =D90*$K$2 -> 48510 | F90: FILTRO SILENCIADOR P/CONCENTRADOR DEVILBISS | G90: DEVILBISS | H90: 525 | I90: 1.2 | J90: =D90*$K$2*I90 -> 58212 | K90: =J90*1.1 -> 64033.2 | L90: =J90*5/6 -> 48510 | M90: =D90*$C$5*1.4 -> 0 | N90: =D90*$C$5*1.5*1.21 -> 0
A91: 41228 | B91: 1208004 | C91: Outlandish | D91: 38 | E91: =D91*$K$2 -> 55860 | F91: FILTRO SILENCIADOR P/CONCENTRADOR DEVILBISS | G91: DEVILBISS | H91: 515 | I91: 1.2 | J91: =D91*$K$2*I91 -> 67032 | K91: =J91*1.1 -> 73735.2 | L91: =J91*5/6 -> 55860 | M91: =D91*$C$5*1.4 -> 0 | N91: =D91*$C$5*1.5*1.21 -> 0
A92: 40336 | B92: FI001 | C92: JAEJ | D92: 17.24 | E92: =D92*$K$2 -> 25342.8 | F92: FILTRO P/ CONCENTRADOR (CUADRADO) 5000 HS | G92: RESPIRONICS | H92: H620 | I92: 1.2 | J92: =D92*$K$2*I92 -> 30411.36 | K92: =J92*1.1 -> 33452.496 | L92: =J92*5/6 -> 25342.8 | M92: =D92*$C$5*1.4 -> 0 | N92: =D92*$C$5*1.5*1.21 -> 0
A93: 41893 | B93: 1208016 | C93: TSD | D93: 5 | E93: =D93*$K$2 -> 7350 | F93: FILTRO PARTIC FINAS AIRSEP NEW LIFE interno redondo | G93: TSD | H93: FI4817/30T | I93: 1.2 | J93: =D93*$K$2*I93 -> 8820 | K93: =J93*1.1 -> 9702 | L93: =J93*5/6 -> 7350 | M93: =D93*$C$5*1.4 -> 0 | N93: =D93*$C$5*1.5*1.21 -> 0
A94: 40220 | B94: 1208012 | C94: TSD | D94: 3 | E94: =D94*$K$2 -> 4410 | F94: FILTRO PARTIC MEDIAS AIRSEP NEW LIFE (EXTERNO) | G94: TSD | H94: FP13398/22 | I94: 1.2 | J94: =D94*$K$2*I94 -> 5292 | K94: =J94*1.1 -> 5821.2 | L94: =J94*5/6 -> 4410 | M94: =D94*$C$5*1.4 -> 0 | N94: =D94*$C$5*1.5*1.21 -> 0
A95: 40220 | B95: 1208027 | C95: TSD | D95: 3 | E95: =D95*$K$2 -> 4410 | F95: FILTRO PART.MEDIAS CONC. NIDEK/TAEMA (EXTERNO) | G95: TSD | H95: FP23598/11 | I95: 1.2 | J95: =D95*$K$2*I95 -> 5292 | K95: =J95*1.1 -> 5821.2 | L95: =J95*5/6 -> 4410 | M95: =D95*$C$5*1.4 -> 0 | N95: =D95*$C$5*1.5*1.21 -> 0
A96: 40319 | B96: 1208022 | C96: TSD | D96: 1.7 | E96: =D96*$K$2 -> 2499 | F96: FILTRO PART.MEDIAS CONC.DEVILLBISS 515 (EXTERNO) | G96: TSD | H96: FP14091/17 | I96: 1.2 | J96: =D96*$K$2*I96 -> 2998.8 | K96: =J96*1.1 -> 3298.68 | L96: =J96*5/6 -> 2499 | M96: =D96*$C$5*1.4 -> 0 | N96: =D96*$C$5*1.5*1.21 -> 0
A97: 40352 | B97: 1208053 | C97: TSD | D97: 1.28 | E97: =D97*$K$2 -> 1881.6 | F97: FILTRO PART.MEDIAS CONC.DEVILLBISS 525 (EXTERNO) | G97: TSD | H97: C9797/17 | I97: 1.2 | J97: =D97*$K$2*I97 -> 2257.92 | K97: =J97*1.1 -> 2483.712 | L97: =J97*5/6 -> 1881.6 | M97: =D97*$C$5*1.4 -> 0 | N97: =D97*$C$5*1.5*1.21 -> 0
A98: 42019 | B98: 1208042 | C98: AGIMED | D98: 32 | E98: =D98*$K$2 -> 47040 | F98: FILTRO SILENCIADOR P/CONCENTRADOR EVER FLO | I98: 1.2 | J98: =D98*$K$2*I98 -> 56448 | K98: =J98*1.1 -> 62092.8 | L98: =J98*5/6 -> 47040 | M98: =D98*$C$5*1.4 -> 0 | N98: =D98*$C$5*1.5*1.21 -> 0
A99: 41212 | B99: 1212003 | C99: TSD | D99: 2.3 | E99: =D99*$K$2 -> 3381 | F99: PREFILTRO CILINDRICO P/RESPIRONICS INVACARE (INTERNO) | G99: TSD | H99: FP656565T | I99: 1.2 | J99: =D99*$K$2*I99 -> 4057.2 | K99: =J99*1.1 -> 4462.92 | L99: =J99*5/6 -> 3381 | M99: =D99*$C$5*1.4 -> 0 | N99: =D99*$C$5*1.5*1.21 -> 0
A100: 40336 | B100: 1104017 | C100: JAEJ | D100: 2.42 | E100: =D100*$K$2 -> 3557.4 | F100: PREFILTRO CILINDRICO P/RESPIRONICS INVACARE (INTERNO) | G100: RESPIRONICS | H100: H618 | I100: 1.2 | J100: =D100*$K$2*I100 -> 4268.88 | K100: =J100*1.1 -> 4695.768 | L100: =J100*5/6 -> 3557.4 | M100: =D100*$C$5*1.4 -> 0 | N100: =D100*$C$5*1.5*1.21 -> 0
A101: 40319 | B101: SP507 | C101: TSD | D101: 1.8 | E101: =D101*$K$2 -> 2646 | F101: FILTRO PART.MEDIAS CONC.REPIRONICS MILLENIUM (EXTERNO) | G101: TSD | H101: FP251858T | I101: 1.2 | J101: =D101*$K$2*I101 -> 3175.2 | K101: =J101*1.1 -> 3492.72 | L101: =J101*5/6 -> 2646 | M101: =D101*$C$5*1.4 -> 0 | N101: =D101*$C$5*1.5*1.21 -> 0
...

Sheet CÓDIGOS
A1: codigo | B1: descripcion | C1: origen | D1: descripcion_maestro | E1: descripcion_begerman | F1: cod_prov | G1: proveedor | H1: equipo | I1: conflicto_desc
A2: 1199015 | B2: Regulador de oxígeno ZS 0-15 sin humidificador | C2: begerman | E2: Regulador de oxígeno ZS 0-15 sin humidificador | I2: False
A3: 1199016 | B3: Carro p/cilindro de oxígeno ZS | C3: begerman | E3: Carro p/cilindro de oxígeno ZS | I3: False
A4: 1199017 | B4: Cabezal de temperatura oral y p/axilas FT10 | C4: begerman | E4: Cabezal de temperatura oral y p/axilas FT10 | I4: False
A5: 1199018 | B5: Cable paciente ECG 10 deriv. compatible EDAN | C5: begerman | E5: Cable paciente ECG 10 deriv. compatible EDAN | I5: False
A6: 1199019 | B6: Cable paciente ECG 5 deriv. compatible MEDITECH | C6: begerman | E6: Cable paciente ECG 5 deriv. compatible MEDITECH | I6: False
A7: 1199020 | B7: Cobertor p/sensor temp. WELCHALLYN p/EDAN x25 u | C7: begerman | E7: Cobertor p/sensor temp. WELCHALLYN p/EDAN x25 u | I7: False
A8: 1199021 | B8: Prolongador de oximetría COVIDIEN DOC10 | C8: begerman | E8: Prolongador de oximetría COVIDIEN DOC10 | I8: False
A9: 1199022 | B9: Articulo para reutilzar | C9: begerman | E9: Articulo para reutilzar | I9: False
A10: 1199023 | B10: Sensor de sat. c/broche adulto MINDRAY 3m p/EDAN | C10: begerman | E10: Sensor de sat. c/broche adulto MINDRAY 3m p/EDAN | I10: False
A11: 1199024 | B11: Sensor de sat. c/broche adulto p/NONIN 1,2m 325BCD | C11: begerman | E11: Sensor de sat. c/broche adulto p/NONIN 1,2m 325BCD | I11: False
A12: 1199025 | B12: Sensor de sat. c/broche NELLCOR neonatal 315N | C12: begerman | E12: Sensor de sat. c/broche NELLCOR neonatal 315N | I12: False
A13: 1199026 | B13: Articulo para reutilizar | C13: begerman | E13: Articulo para reutilizar | I13: False
... A407: 1601002 | B407: Instalación y config. de central de monitoreo | C407: begerman | E407: Instalación y config. de central de monitoreo | I407: False
A408: AE001 | B408: Caja de embalaje C-500 | C408: ambos | D408: CAJA DE EMBALAJE C-500 | E408: Caja de embalaje C-500 | G408: TURANO | H408: C-500 | I408: False
A409: AE002 | B409: Caja de embalaje A-550 | C409: ambos | D409: CAJA DE EMBALAJE A-550 | E409: Caja de embalaje A-550 | G409: TURANO | H409: A-550 | I409: False
A410: AE003 | B410: Bolso de traslado p/aspirador | C410: ambos | D410: BOLSO DE TRASLADO | E410: Bolso de traslado p/aspirador | G410: MATYCUER | H410: A-550 | I410: True
A411: AR001 | B411: Arandela plana ala angosta 4 MM | C411: ambos | D411: ARANDELA PLANA ALA ANGOSTA 4MM | E411: Arandela plana ala angosta 4 MM | G411: MOYANO | H411: A-600 | I411: False
A412: AR002 | B412: Arandela estrella 4 MM | C412: ambos | D412: ARANDELA ESTRELLA 4 MM | E412: Arandela estrella 4 MM | G412: MOYANO | H412: A-550 | I412: False
A413: AR003 | B413: Arandela plana 3 MM | C413: ambos | D413: ARANDELA PLANA 3MM | E413: Arandela plana 3 MM | G413: MOYANO | H413: C-500/A-600 | I413: False
A414: AR004 | B414: Arandela chapista M5 x 21 MM | C414: ambos | D414: ARANDELA CHAPISTA M5 X 21 MM | E414: Arandela chapista M5 x 21 MM | G414: MOYANO | H414: A-600 | I414: False
A415: AR005 | B415: Arandela chapista 3/8 x 40 MM | C415: ambos | D415: ARANDELA CHAPISTA 3/8 X 40 MM | E415: Arandela chapista 3/8 x 40 MM | G415: MOYANO | H415: A-600 | I415: False
A416: AR006 | B416: Arandela chapista M4 | C416: ambos | D416: ARANDELA CHAPISTA M4 | E416: Arandela chapista M4 | I416: False
A417: AR007 | B417: Arandela estrella 3 MM | C417: ambos | D417: ARANDELA ESTRELLA 3 MM | E417: Arandela estrella 3 MM | I417: False
A418: AR008 | B418: Arandela plana 5 MM | C418: ambos | D418: ARANDELA PLANA 5MM | E418: Arandela plana 5 MM | I418: False
A419: AR009 | B419: Arandela estrella 5 MM | C419: ambos | D419: ARANDELA ESTRELLA 5 MM | E419: Arandela estrella 5 MM | I419: False
A420: AR-010 | B420: ARANDELA DE FIBRA 3 MM ALA ANCHA | C420: maestro | D420: ARANDELA DE FIBRA 3 MM ALA ANCHA | I420: False
A421: AR-011 | B421: ARANDELA DE FIBRA 6 MM ALA ANCHA | C421: maestro | D421: ARANDELA DE FIBRA 6 MM ALA ANCHA | I421: False
A422: AR-012 | B422: ARANDELA PLANA 3/32" | C422: maestro | D422: ARANDELA PLANA 3/32" | H422: A-550 | I422: False
A423: AR-013 | B423: ARANDELA PLANA 3 x 10mm | C423: maestro | D423: ARANDELA PLANA 3 x 10mm | I423: False
A424: BA303 | B424: Base cargador de batería G3 c/fuente ext. | C424: ambos | D424: BASE CARGADOR DE BATERIA G3 C/FUENTE EXT. | E424: Base cargador de batería G3 c/fuente ext. | G424: INOGEN | H424: G3 HF | I424: True
A425: BA306 | B425: Fuente de alimentación externa G3, G4, G5 | C425: ambos | D425: FUENTE DE ALIMENTACION EXTERNA G3.G4,G5 | E425: Fuente de alimentación externa G3, G4, G5 | G425: INOGEN | H425: G3-G4-G5 | I425: True
A426: BA401 | B426: Inogen G4 AC Power Supply | C426: begerman | E426: Inogen G4 AC Power Supply | I426: False
A427: BI001 | B427: Bisagra portillo Incubadora Medix PC307 | C427: ambos | D427: BISAGRA INCUBADORA MEDIX PC-307 | E427: Bisagra portillo Incubadora Medix PC307 | G427: MEDIX | H427: INCUBADORA | I427: True
A428: BT001 | B428: Bateria Litio Concentrador Portatil JAY-10D | C428: ambos | D428: BATERIA LITIO CONCENTRADOR PORTATIL | E428: Bateria Litio Concentrador Portatil JAY-10D | G428: LONGFIAN | H428: JAY10-D | I428: True
A429: CA001 | B429: Cable 1 x 0,5 M2 Rojo | C429: ambos | D429: CABLE 1 X 1.5 M2 ROJO | E429: Cable 1 x 0,5 M2 Rojo | I429: True
A430: CA002 | B430: Cable 1 x 0,5 M2 Negro | C430: ambos | D430: CABLE 1 X 1.5 M2 NEGRO | E430: Cable 1 x 0,5 M2 Negro | I430: True
A431: CE001 | B431: Termistor K 164 10K | C431: ambos | D431: TERMISTOR K 164 10K | E431: Termistor K 164 10K | F431: TE2556130 | G431: ELEMON | H431: C-500 | I431: False
A432: CE-002 | B432: CIRC.INTEGRADO LM 358 | C432: maestro | D432: CIRC.INTEGRADO LM 358 | F432: LM358N | G432: DIMEXAR | H432: C-500 | I432: False
A433: CE-003 | B433: TRANSISTOR MOSFET 6N60 (IRF830) | C433: maestro | D433: TRANSISTOR MOSFET 6N60 (IRF830) | G433: DIMEXAR | H433: C-500 | I433: False
A434: CE004 | B434: Transistor BC 549 C-500 | C434: ambos | D434: TRANSISTOR BC 549 | E434: Transistor BC 549 C-500 | G434: DIMEXAR | H434: C-500 | I434: True
A435: CE-005 | B435: TRANSISTOR PUT 2N 6028 | C435: maestro | D435: TRANSISTOR PUT 2N 6028 | G435: DIMEXAR | H435: C-500 | I435: False
A436: CE006 | B436: Circ. Integrado T 2117 | C436: ambos | D436: CIRC.INTEGRADO T 2117 | E436: Circ. Integrado T 2117 | G436: DIMEXAR | H436: C-500 | I436: False
A437: CE007 | B437: Triac Tic 206D (BT136) | C437: ambos | D437: TRIAC TIC 206D (BT136) | E437: Triac Tic 206D (BT136) | G437: DIMEXAR | H437: C-500 | I437: False
A438: CE008 | B438: Transistor mosfet IRF9640 (IRF9530) | C438: ambos | D438: TRANSISTOR MOSFET IRF9640 (IRF9530) | E438: Transistor mosfet IRF9640 (IRF9530) | G438: DIMEXAR | H438: A-600 | I438: False
A439: CE009 | B439: Transistor TIP 127 | C439: ambos | D439: TRANSISTOR TIP 127 | E439: Transistor TIP 127 | G439: DIMEXAR | H439: A-600 | I439: False
A440: CE010 | B440: Circuito integrado LM339 | C440: ambos | D440: CIRCUITO INTEGRADO LM339 | E440: Circuito integrado LM339 | G440: DIMEXAR | H440: A-600 | I440: False
A441: CE011 | B441: Circuito integrado 4093 | C441: ambos | D441: CIRCUITO INTEGRADO 4093 | E441: Circuito integrado 4093 | G441: DIMEXAR | H441: A-600 | I441: False
A442: CE012 | B442: Transistor BC 559 | C442: ambos | D442: TRANSISTOR BC 559 | E442: Transistor BC 559 | G442: DIMEXAR | H442: A-600 | I442: False
A443: CE013 | B443: Regulador 78L05 | C443: ambos | D443: REGULADOR 78L05 | E443: Regulador 78L05 | G443: DIMEXAR | H443: A-600 | I443: False
A444: CE014 | B444: Transistor BC 549 A-550 | C444: ambos | D444: TRANSISTOR BC 549 | E444: Transistor BC 549 A-550 | G444: DIMEXAR | H444: A-600 | I444: True
A445: CE-015 | B445: REGULADOR 7805 | C445: maestro | D445: REGULADOR 7805 | H445: A-600 | I445: False
A446: CE-016 | B446: CIRCUITO INTEGRADO LM3914N | C446: maestro | D446: CIRCUITO INTEGRADO LM3914N | I446: False
A447: CE-017 | B447: TIRA DE 10 LED AMARILLO | C447: maestro | D447: TIRA DE 10 LED AMARILLO | I447: False
A448: CI002 | B448: Circuito impreso | C448: ambos | D448: CIRCUITO IMPRESO | E448: Circuito impreso | G448: BELLPLEX | H448: C-500 | I448: False
A449: CI004 | B449: Circuito impreso C-500 | C449: ambos | D449: CIRCUITO IMPRESO C-500 | E449: Circuito impreso C-500 | G449: MAYER | H449: C-500 | I449: False
A450: CI005 | B450: Circuito impreso MOVI-VAC | C450: ambos | D450: CIRCUITO IMPRESO MOVIVAC | E450: Circuito impreso MOVI-VAC | G450: MAYER | H450: A-600 | I450: True
A451: CI006 | B451: Circuito impreso llave de encendido | C451: ambos | D451: CIRCUITO IMPRESO LLAVE DE ENCENDIDO | E451: Circuito impreso llave de encendido | G451: MAYER | H451: A-550 | I451: False
A452: CI007 | B452: Circuito impreso principal Marbel C-600 | C452: ambos | D452: CIRCUITO IMPRESO PRINCIPAL MARBEL C-600 | E452: Circuito impreso principal Marbel C-600 | G452: MAYER | H452: C-600 | I452: False
A453: CI008 | B453: Circuito impreso display Marbel C-600 | C453: ambos | D453: CIRCUITO IMPRESO DISPLAY MARBEL C-600 | E453: Circuito impreso display Marbel C-600 | G453: MAYER | H453: C-600 | I453: False
A454: CL001 | B454: Coller 12 V CC 120 x 120 x 25mm | C454: ambos | D454: COLLER 12V CC 120 X 120 X 25 MM | E454: Coller 12 V CC 120 x 120 x 25mm | G454: MICROELECTRONICA | H454: KONSUNG | I454: False
A455: CM001 | B455: Compresor completo JAY-5Q (AW) | C455: ambos | D455: COMPRESOR COMPLETO JAY-5Q | E455: Compresor completo JAY-5Q (AW) | G455: LONGFIAN | H455: JAY-5Q | I455: True
A456: CM002 | B456: Compresor para JAY-10 | C456: ambos | D456: COMPRESOR COMPLETO JAY-5 / JAY 10 | E456: Compresor para JAY-10 | G456: LONGFIAN | H456: JAY-5/JAY10 | I456: True
A457: CO001 | B457: EstaÃ±o 60/40 de 0.7mm x 1/4 kg | C457: ambos | D457: ESTAÃ‘O 0,7MM 60/40 1/4 KG | E457: EstaÃ±o 60/40 de 0.7mm x 1/4 kg | G457: ARLEX | H457: TODOS | I457: True
A458: CP001 | B458: Capacitor electrolítico 220 UF 50V | C458: ambos | D458: CAPACITOR ELECTROLITICO 220 Uf 50v | E458: Capacitor electrolítico 220 UF 50V | G458: DIMEXAR | H458: C-500 | I458: True
A459: CP002 | B459: Capacitor electrolítico 2,2 UF 50V | C459: ambos | D459: CAPACITOR ELECTROLITICO 2,2 Uf 50v | E459: Capacitor electrolítico 2,2 UF 50V | G459: DIMEXAR | H459: C-500 | I459: True
... A461: CP004 | B461: Capacitor electrolítico 100UF x 35V | C461: ambos | D461: CAPACITOR ELECTROLITICO 100uF X 35v | E461: Capacitor electrolítico 100UF x 35V | G461: DIMEXAR | H461: A-600 | I461: True
A462: CP-005 | B462: CAPACITOR CERAMICO 0,1uF X 50V | C462: maestro | D462: CAPACITOR CERAMICO 0,1uF X 50V | H462: C-600 | I462: False
A463: CP006 | B463: Capacitor de arranque 10uF X 450 V | C463: ambos | D463: CAPACITOR DE ARRANQUE 10uF X 450 V | E463: Capacitor de arranque 10uF X 450 V | G463: MASER ELECTRO | H463: VARIOS | I463: False
A464: DESPRAX | B464: Desfibrilador Mindray C1A | C464: begerman | E464: Desfibrilador Mindray C1A | I464: False
A465: DI001 | B465: Diodo 1N 4007 | C465: ambos | D465: DIODO 1N 4007 | E465: Diodo 1N 4007 | G465: DIMEXAR | H465: C-500 | I465: False
A466: DI003 | B466: Diodo LED 3MM verde | C466: ambos | D466: DIODO LED 3 MM VERDE | E466: Diodo LED 3MM verde | G466: DIMEXAR | H466: C-500 | I466: False
A467: DI004 | B467: Diodo zener 12V 1/2 W | C467: ambos | D467: DIODO ZENER 12V 1/2 W | E467: Diodo zener 12V 1/2 W | G467: DIMEXAR | H467: C-500 | I467: False
A468: DI005 | B468: Diodo swtching 1N4148 | C468: ambos | D468: DIODO SWTCHING 1N4148 | E468: Diodo swtching 1N4148 | G468: DIMEXAR | H468: C-500 | I468: False
A469: DI006 | B469: Diodo 1N5408 | C469: ambos | D469: DIODO 1N5408 | E469: Diodo 1N5408 | G469: DIMEXAR | H469: A-600 | I469: False
A470: DI007 | B470: Diodo LED 3 MM rojo | C470: ambos | D470: DIODO LED 3 MM ROJO | E470: Diodo LED 3 MM rojo | G470: DIMEXAR | H470: A-600 | I470: False
A471: DI008 | B471: Diodo LED 3MM amarillo | C471: ambos | D471: DIODO LED 3 MM AMARILLO | E471: Diodo LED 3MM amarillo | G471: DIMEXAR | H471: A-600 | I471: False
A472: DI-009 | B472: DIODO 8A 100V | C472: maestro | D472: DIODO 8A 100V | G472: DIMEXAR | H472: A-600 | I472: False
A473: ET001 | B473: Etiqueta Frente control C-500 | C473: ambos | D473: ETIQUETA FRENTE CONTROL | E473: Etiqueta Frente control C-500 | G473: PERNA | H473: C-500 | I473: True
A474: ET002 | B474: Etiqueta indicadora tornillo | C474: ambos | D474: ETIQUETA INDICADORA TORNILLO | E474: Etiqueta indicadora tornillo | G474: GRUPO LAIN | H474: C-500 | I474: False
A475: ET003 | B475: Etiqueta adevertencia temperatura | C475: ambos | D475: ETIQUETA ADVERTENCIA TEMPERATURA | E475: Etiqueta adevertencia temperatura | G475: GRUPO LAIN | H475: C-500 | I475: True
A476: ET004 | B476: Etiqueta NÂ°de serie | C476: ambos | D476: ETIQUETA NÂ° DE SERIE | E476: Etiqueta NÂ°de serie | G476: GRUPO LAIN | H476: C-500 | I476: False
A477: ET005 | B477: Etiqueta especificaciones eléctricas | C477: ambos | D477: ETIQUETA ESPECIFICACIONES ELECTRICAS | E477: Etiqueta especificaciones eléctricas | G477: GRUPO LAIN | H477: C-500 | I477: True
A478: ET-006 | B478: ETIQUETA BASE MARBEL 400 | C478: maestro | D478: ETIQUETA BASE MARBEL 400 | G478: GRUPO LAIN | H478: BASEMAR400 | I478: False
A479: ET007 | B479: Etiqueta marca MOVI-VAC | C479: ambos | D479: ETIQUETA MARCA MOVI-VAC | E479: Etiqueta marca MOVI-VAC | G479: GRUPO LAIN | H479: A-600 | I479: False
A480: ET008 | B480: Etiqueta entrada fusible | C480: ambos | D480: ETIQUETA ENTRADA-FUSIBLE | E480: Etiqueta entrada fusible | G480: GRUPO LAIN | H480: A-600 | I480: True
A481: ET009 | B481: Etiqueta indicadora LEDS A-600 | C481: ambos | D481: ETIQUETA INDICADORA LEDS | E481: Etiqueta indicadora LEDS A-600 | G481: GRUPO LAIN | H481: A-600 | I481: True
A482: ET010 | B482: Etiqueta regulación vacío | C482: ambos | D482: ETIQUETA REGULACION VACIO | E482: Etiqueta regulación vacío | G482: GRUPO LAIN | H482: A-600 | I482: True
A483: ET011 | B483: Etiqeuta indicadora de estado verde | C483: ambos | D483: ETIQUETA INDICADORA DE ESTADO VERDE "OK" | E483: Etiqeuta indicadora de estado verde | G483: GRUPO LAIN | H483: C-500 | I483: True
A484: ET012 | B484: Etiqueta indicadora de estado amarila | C484: ambos | D484: ETIQUETA INDICADORA DE ESTADO AMARILLA "PEND.CONTROL" | E484: Etiqueta indicadora de estado amarila | G484: GRUPO LAIN | H484: C-500 | I484: True
A485: ET013 | B485: Etiqueta indicadora de estado roja | C485: ambos | D485: ETIQUETA INDICADORA DE ESTADO ROJA " NO CONFORME" | E485: Etiqueta indicadora de estado roja | G485: GRUPO LAIN | H485: C-500 | I485: True
A486: ET014 | B486: Etiqueta indicadora LEDS A-550 | C486: ambos | D486: ETIQUETA INDICADORA LEDS | E486: Etiqueta indicadora LEDS A-550 | G486: GRUPO LAIN | H486: A-550 | I486: True
A487: ET015 | B487: Etiqueta Frente control A-550 | C487: ambos | D487: ETIQUETA FRENTE CONTROL | E487: Etiqueta Frente control A-550 | G487: GRUPO LAIN | H487: A-550 | I487: True
A488: ET016 | B488: Etiqueta alimentación externa | C488: ambos | D488: ETIQUETA ALIMENTACION EXTERNA | E488: Etiqueta alimentación externa | G488: GRUPO LAIN | H488: A-550 | I488: True
A489: ET017 | B489: Etiqueta especificaciones técnicas | C489: ambos | D489: ETIQUETA ESPECIFICACIONES TECNICAS | E489: Etiqueta especificaciones técnicas | G489: GRUPO LAIN | H489: A-550 | I489: True
A490: ET018 | B490: Etiqueta ANMAT nro. de serie | C490: ambos | D490: ETIQUETA ANMAT NRO DE SERIE | E490: Etiqueta ANMAT nro. de serie | G490: GRUPO LAIN | H490: A-550 | I490: True
... A506: FI001 | B506: Filtro de aire Incubadora Medix PC-305 Pack X4 | C506: ambos | D506: FILTRO DE AIRE INCUBADORA TR-305 (PACK X 4) | E506: Filtro de aire Incubadora Medix PC-305 Pack X4 | G506: MEDIX | H506: INCUBADORA | I506: True
A507: FI-002 | B507: FILTRO DE AIRE INCUBADORA TR-307 (PACK X 4) | C507: maestro | D507: FILTRO DE AIRE INCUBADORA TR-307 (PACK X 4) | G507: MEDIX | H507: INCUBADORA | I507: False
A508: FL001 | B508: FLAPPER BOMBA DE VACIO MOVI VAC | C508: ambos | D508: FLAPPER BOMBA DE VACIO MOVI VAC | E508: Flapper bomba de vacío | G508: MOTORCOM | H508: MOVI VAC A-550 | I508: True
A509: FR001 | B509: Frasco Reservorio de 1000 cm3 p/aspirador KONSUNG | C509: ambos | D509: FRASCO RESERVOREO P/ASPIRADOR KONGSUN | E509: Frasco Reservorio de 1000 cm3 p/aspirador KONSUNG | G509: FIORINO | H509: KONSUNG 7ED | I509: True
...

Sheet MEDIX
H1: DÓLAR | I1: 268.21
A2: FECHA | B2: PROVEEDOR | C2: COSTO NETO | D2: REPUESTO | E2: PRECIO
A3: 45107 | B3: INTRA | C3: 22.5 | D3: BISAGRA | E3: =((C3*1.35)*I$1) -> 8146.8788
A4: 45107 | B4: INTRA | C4: 938 | D4: MOTOR | E4: =((C4*1.35)*I$1) -> 339634.32
A5: 45107 | B5: INTRA | C5: 21 | D5: PASACANULA LATERAL MAX | E5: =((C5*1.35)*I$1) -> 7603.7535
A6: 45107 | B6: INTRA | C6: 6 | D6: BURLETE PORTILLO PUERTA LATERAL | E6: =((C6*1.35)*I$1) -> 2172.501
A7: 45107 | B7: INTRA | C7: 126 | D7: DOBLE TECHO | E7: =((C7*1.35)*I$1) -> 45622.521
A8: 45107 | B8: INTRA | C8: 11.5 | D8: PASA CANULA CRISTAL | E8: =((C8*1.35)*I$1) -> 4163.9603
A9: 45107 | B9: INTRA | C9: 73 | D9: PORTILLO IRIS | E9: =((C9*1.35)*I$1) -> 26432.095
A10: 45107 | B10: INTRA | C10: 25.5 | D10: MANGA PORTILLO IRIS | E10: =((C10*1.35)*I$1) -> 9233.1292
A11: 45107 | B11: INTRA | C11: 8.5 | D11: ARO SUJECION IRIS | E11: =((C11*1.35)*I$1) -> 3077.7097
A12: 45107 | B12: INTRA | C12: 7 | D12: BURLETE CIERRE PCI | E12: =((C12*1.35)*I$1) -> 2534.5845
C13: 75 | D13: FILTRO X1 305 | E13: =((C13*1.35)*I$1) -> 27156.262
